---------INSERT---------
INSERT INTO putnik VALUES ('1', 'Morgan', 'Freeman', TO_DATE('01-06-1937','DD/MM/YYYY'), 'mfreeman@gmail.com', 'Sjedinjene Amerièke Države', '123456789');
INSERT INTO putnik VALUES ('2', 'Leonardo', 'Di Caprio',TO_DATE('11-11-1974','DD/MM/YYYY') , 'ldicaprio@gmail.com', 'Velika Britanija', 'A123456789');
INSERT INTO putnik VALUES ('3', 'Robert', 'De Niro',TO_DATE('17-08-1943','DD/MM/YYYY'), 'rdeniro@gmail.com', 'Sjedinjene Amerièke Države', '1A23456789');
INSERT INTO putnik VALUES ('4', 'Talia', 'Shire',TO_DATE('24-04-1946','DD/MM/YYYY'), 'tshire@gmail.com', 'Francuska', '12A3456789');
INSERT INTO putnik VALUES ('5', 'Maryl', 'Streep',TO_DATE('22-06-1949','DD/MM/YYYY'), 'mstreep@gmail.com', 'Australija', '123A456789');
INSERT INTO putnik VALUES ('6', 'Brad', 'Pitt',TO_DATE('18-10-1963','DD/MM/YYYY') , 'bpitt@gmail.com', 'Novi Zeland', '1234A56789');
INSERT INTO putnik VALUES ('7', 'Julia', 'Roberts',TO_DATE('28-10-1967','DD/MM/YYYY') , 'jroberts@gmail.com', 'Brazil', '12345A6789');
INSERT INTO putnik VALUES ('8', 'Michael', 'Caine',TO_DATE('14-03-1933','DD/MM/YYYY') , 'mcaine@gmail.com', 'Danska', '123456A789');
INSERT INTO putnik VALUES ('9', 'Diane', 'Keaton',TO_DATE('05-01-1946','DD/MM/YYYY') , 'dkeatoncgmail.com', 'Sjeverna Irska', '1234567A89');
INSERT INTO putnik VALUES ('10', 'Natalie', 'Portman',TO_DATE('09-06-1981','DD/MM/YYYY'), 'nportman@gmail.com', 'Kanada', '12345678A9');
INSERT INTO putnik VALUES ('11', 'Matt', 'Damon',TO_DATE('08-10-1970','DD/MM/YYYY'), 'mdamon@gmail.com', 'Njemaèka', '123456789A');
INSERT INTO putnik VALUES ('12', 'Jennifer', 'Lawrence',TO_DATE('15-08-1990','DD/MM/YYYY'), 'jlawrence@gmail.com', 'Indija', 'B123456789');
INSERT INTO putnik VALUES ('13', 'Tom', 'Hanks',TO_DATE('09-07-1956','DD/MM/YYYY'), 'thanks@gmail.com', 'Nizozemska', '1B23456789');
INSERT INTO putnik VALUES ('14', 'Al', 'Pacino',TO_DATE('25-04-1940','DD/MM/YYYY'), 'apacino@gmail.com', 'Hrvatska', '12B3456789');
INSERT INTO putnik VALUES ('15', 'Sandra', 'Bullock',TO_DATE('26-07-1964','DD/MM/YYYY'), 'sbullock@gmail.com', 'Kina', '123B456789');
INSERT INTO putnik VALUES ('16', 'Emma', 'Stone',TO_DATE('06-11-1988','DD/MM/YYYY'), 'estone@gmail.com', 'Singapur', '1234B56789');
INSERT INTO putnik VALUES ('17', 'George', 'Clooney',TO_DATE('06-05-1961','DD/MM/YYYY'), 'gclooney@gmail.com', 'Egipat', '12345B6789');
INSERT INTO putnik VALUES ('18', 'Christian', 'Bale',TO_DATE('30-01-1974','DD/MM/YYYY'), 'cbale@gmail.com', 'Velika Britanija', '123456B789');
INSERT INTO putnik VALUES ('19', 'Anne', 'Hathaway',TO_DATE('12-11-1982','DD/MM/YYYY'), 'ahathaway@gmail.com', 'Norveška', '1234567B89');
INSERT INTO putnik VALUES ('20', 'Johnny', 'Depp',TO_DATE('09-06-1963','DD/MM/YYYY'), 'jdepp@gmail.com', 'Gruzija', '12345678B9');
INSERT INTO putnik VALUES ('21', 'Cillian', 'Murphy',TO_DATE('25-03-1976','DD/MM/YYYY'), 'cmurphy@gmail.com', 'Austrija', '123456789B');
INSERT INTO putnik VALUES ('22', 'Bruce', 'Willis',TO_DATE('19-03-1955','DD/MM/YYYY'), 'bwillis@gmail.com', 'Slovenija', 'C123456789');
INSERT INTO putnik VALUES ('23', 'Anthony', 'Hopkins',TO_DATE('31-12-1937','DD/MM/YYYY'), 'ahopkins@gmail.com', 'Tajland', 'C123456789');
INSERT INTO putnik VALUES ('24', 'Jennifer', 'Aniston', TO_DATE('11-02-1969','DD/MM/YYYY'), 'janiston@gmail.com', 'Rumunjska', '1C23456789');
INSERT INTO putnik VALUES ('25', 'Courteney', 'Cox', TO_DATE('15-06-1964','DD/MM/YYYY'), 'ccox@gmail.com', 'Latvija', '12C3456789');
INSERT INTO putnik VALUES ('26', 'Matthew', 'Perry',TO_DATE('19-08-1969','DD/MM/YYYY'), 'mperry@gmail.com', 'Slovaèka', '123C456789');
INSERT INTO putnik VALUES ('27', 'Lisa', 'Kudrow',TO_DATE('30-07-1963','DD/MM/YYYY'), 'lkudrow@gmail.com', 'Kanada', '1234C56789');
INSERT INTO putnik VALUES ('28', 'Matt', 'LeBlanc',TO_DATE('25-07-1967','DD/MM/YYYY'), 'mleblanc@gmail.com', 'Italija', '12345C6789');
INSERT INTO putnik VALUES ('29', 'David', 'Schwimmer',TO_DATE('02-11-1966','DD/MM/YYYY'), 'dschwimmer@gmail.com', 'Portugal', '123456C789');
INSERT INTO putnik VALUES ('30', 'Neil', 'Patrick Harris',TO_DATE('15-06-1973','DD/MM/YYYY'), 'npharris@gmail.com', 'Francuska', '1234567C89');
INSERT INTO putnik VALUES ('31', 'Kate', 'Winslet',TO_DATE('05-10-1975','DD/MM/YYYY'), 'kwinslet@gmail.com', 'Meksiko', '12345678C9');
INSERT INTO putnik VALUES ('32', 'Robert', 'Downey Jr',TO_DATE('04-04-1965','DD/MM/YYYY'), 'rdowneyjr@gmail.com', 'Belgija', '123456789C');
INSERT INTO putnik VALUES ('33', 'Tom', 'Holland', TO_DATE('01-06-1996','DD/MM/YYYY'), 'tholland@gmail.com', 'Finska', 'D123456789');
INSERT INTO putnik VALUES ('34', 'Mark', 'Ruffalo',TO_DATE('22-11-1967','DD/MM/YYYY'), 'mruffalo@gmail.com', 'Malta', '1D23456789');
INSERT INTO putnik VALUES ('35', 'Chris', 'Evans',TO_DATE('13-06-1981','DD/MM/YYYY'), 'cevans@gmail.com', 'Argentina', '12D3456789');
SELECT * FROM putnik;

INSERT INTO kupac VALUES ('1', 'Morgan', 'Freeman', 'mfreeman@gmail.com');
INSERT INTO kupac (kupac_id, ime, prezime) VALUES ('2', 'Ted', 'Mosby');
INSERT INTO kupac VALUES ('3', 'Barney', 'Stinson', 'bstinson@gmail.com');
INSERT INTO kupac VALUES ('4', 'Rachel', 'Green', 'rgreen@gmail.com');
INSERT INTO kupac (kupac_id, ime, prezime) VALUES ('5', 'Tom', 'Holland');
INSERT INTO kupac VALUES ('6', 'Chris', 'Evans', 'cevans@gmail.com');
INSERT INTO kupac VALUES ('7', 'Kate', 'Winslet', 'kwinslet@gmail.com');
INSERT INTO kupac VALUES ('8', 'Sandra', 'Bullock', 'sbullock@gmail.com');
INSERT INTO kupac VALUES ('9', 'Marshall', 'Eriksen', 'meriksen@gmail.com');
INSERT INTO kupac VALUES ('10', 'Neil', 'Caffrey', 'ncaffrey@gmail.com');
INSERT INTO kupac (kupac_id, ime, prezime) VALUES ('11', 'Emma', 'Stone');
INSERT INTO kupac VALUES ('12', 'Matt', 'Damon', 'mdamon@gmail.com');
INSERT INTO kupac VALUES ('13', 'Tom', 'Hanks', 'thanks@gmail.com');
INSERT INTO kupac VALUES ('14', 'Rosa', 'Diaz', 'rdiaz@gmail.com');
INSERT INTO kupac VALUES ('15', 'Gina', 'Linetti', 'glinetti@gmail.com');
INSERT INTO kupac VALUES ('16', 'Amy', 'Santiago', 'asantiago@gmail.com');
INSERT INTO kupac VALUES ('17', 'Raymond', 'Holt', 'rholt@gmail.com');
INSERT INTO kupac (kupac_id, ime, prezime) VALUES ('18', 'Charles', 'Boyle');
INSERT INTO kupac VALUES ('19', 'Anne', 'Hathaway', 'ahathaway@gmail.com');
INSERT INTO kupac VALUES ('20', 'Sherlock', 'Holmes', 'sholmes@gmail.com');
INSERT INTO kupac (kupac_id, ime, prezime) VALUES ('21', 'Natalie', 'Portman');
INSERT INTO kupac VALUES ('22', 'Leonardo', 'Di Caprio', 'ldicaprio@gmail.com');
INSERT INTO kupac VALUES ('23', 'George', 'Clooney', 'gclooney@gmail.com');
INSERT INTO kupac VALUES ('24', 'John', 'Watson', 'jwatson@gmail.com');
INSERT INTO kupac (kupac_id, ime, prezime) VALUES ('25', 'Johnny', 'Depp');
INSERT INTO kupac VALUES ('26', 'Robert', 'De Niro', 'rdeniro@gmail.com');
INSERT INTO kupac VALUES ('27', 'Lisa', 'Kudrow', 'lkudrow@gmail.com');
INSERT INTO kupac VALUES ('28', 'Jim', 'Moriarty', 'jmoriarty@gmail.com');
INSERT INTO kupac(kupac_id, ime, prezime)  VALUES ('29', 'David', 'Schwimmer');
INSERT INTO kupac VALUES ('30', 'Bruce', 'Willis', 'bwillis@gmail.com');
INSERT INTO kupac (kupac_id, ime, prezime) VALUES ('31', 'Tony', 'Stark');
INSERT INTO kupac (kupac_id, ime, prezime) VALUES ('32', 'Robert', 'Downey Jr');
INSERT INTO kupac VALUES ('33', 'Jennifer', 'Lawrence', 'jlawrence@gmail.com');
INSERT INTO kupac (kupac_id, ime, prezime) VALUES ('34', 'Steve', 'Rogers');
INSERT INTO kupac (kupac_id, ime, prezime) VALUES ('35', 'Jake', 'Peralta');
INSERT INTO kupac VALUES ('36', 'Brad', 'Pitt', 'bpitt@gmail.com');
INSERT INTO kupac (kupac_id, ime, prezime) VALUES ('37', 'Maryl', 'Streep');
INSERT INTO kupac VALUES ('38', 'Matt', 'LeBlanc', 'mleblanc@gmail.com');
INSERT INTO kupac (kupac_id, ime, prezime) VALUES ('39', 'Vito', 'Corleone');
INSERT INTO kupac VALUES ('40', 'Michael', 'Corleone', 'mcorleone@gmail.com');
--SELECT * FROM kupac;


INSERT INTO agencija VALUES ('1', 'Opodo');
INSERT INTO agencija VALUES ('2', 'eDreams');
INSERT INTO agencija VALUES ('3', 'BudgetAir');
INSERT INTO agencija VALUES ('4', 'Trip.com');
INSERT INTO agencija VALUES ('5', 'Expedia');
INSERT INTO agencija VALUES ('6', 'Bravofly');
INSERT INTO agencija VALUES ('7', 'MyTrip');
INSERT INTO agencija VALUES ('8', 'AirFare');
INSERT INTO agencija VALUES ('9', 'FlightNetwork');
INSERT INTO agencija VALUES ('10', 'Travelgenio');
INSERT INTO agencija VALUES ('11', 'Sky-Tours');
--SELECT * FROM agencija;


INSERT INTO aviokompanija VALUES ('Ryanair');
INSERT INTO aviokompanija VALUES ('Wizz Air');
INSERT INTO aviokompanija VALUES ('Qatar Airways');
INSERT INTO aviokompanija VALUES ('Singapore Airlines');
INSERT INTO aviokompanija VALUES ('Cathay Pacific Airways');
INSERT INTO aviokompanija VALUES ('Emirates');
INSERT INTO aviokompanija VALUES ('EVA Air');
INSERT INTO aviokompanija VALUES ('Hainan Airlines');
INSERT INTO aviokompanija VALUES ('Qantas Airways');
INSERT INTO aviokompanija VALUES ('Lufthansa');
INSERT INTO aviokompanija VALUES ('Thai Airways');
INSERT INTO aviokompanija VALUES ('Aer Lingus');
INSERT INTO aviokompanija VALUES ('Air Belgium');
INSERT INTO aviokompanija VALUES ('Air Canada');
INSERT INTO aviokompanija VALUES ('Air France');
INSERT INTO aviokompanija VALUES ('AirAsia');
INSERT INTO aviokompanija VALUES ('British Airways');
INSERT INTO aviokompanija VALUES ('Croatia Airlines');
INSERT INTO aviokompanija VALUES ('Delta');
INSERT INTO aviokompanija VALUES ('LOT');
INSERT INTO aviokompanija VALUES ('easyJet');
INSERT INTO aviokompanija VALUES ('Eurowings');
INSERT INTO aviokompanija VALUES ('KLM');
INSERT INTO aviokompanija VALUES ('Jet2');
INSERT INTO aviokompanija VALUES ('Japan Airlines');
INSERT INTO aviokompanija VALUES ('Iberia');
INSERT INTO aviokompanija VALUES ('flydubai');
INSERT INTO aviokompanija VALUES ('Hong Kong Airlines');
INSERT INTO aviokompanija VALUES ('Pegasus Airlines');
INSERT INTO aviokompanija VALUES ('Turkish Airlines');
INSERT INTO aviokompanija VALUES ('Volotea');
INSERT INTO aviokompanija VALUES ('Lauda');
INSERT INTO aviokompanija VALUES ('Austrian Airlines');
INSERT INTO aviokompanija VALUES ('Aeromexico');
INSERT INTO aviokompanija VALUES ('Southwest Airlines');
INSERT INTO aviokompanija VALUES ('China Airlines');
INSERT INTO aviokompanija VALUES ('Korean Air');
INSERT INTO aviokompanija VALUES ('Philippine Airlines');
INSERT INTO aviokompanija VALUES ('Egyptair');
INSERT INTO aviokompanija VALUES ('Malasya Airlines');
INSERT INTO aviokompanija VALUES ('Cathany Pacific');
INSERT INTO aviokompanija VALUES ('FedEx');
--SELECT * FROM aviokompanija;


INSERT INTO avion VALUES('A1', 'Airbus A220', 133);
INSERT INTO avion VALUES('A2', 'Airbus A320', 186);
INSERT INTO avion VALUES('A3', 'Airbus A330', 247);
INSERT INTO avion VALUES('A4', 'Airbus A350 XWB', 410);
INSERT INTO avion VALUES('A5', 'Airbus A380', 850);
INSERT INTO avion VALUES('A6', 'Antonov An-148', 85);
INSERT INTO avion VALUES('B1', 'Boeing 737', 215);
INSERT INTO avion VALUES('B2', 'Boeing 747', 366);
INSERT INTO avion VALUES('B3', 'Boeing 767', 245);
INSERT INTO avion VALUES('B4', 'Boeing 777', 368);
INSERT INTO avion VALUES('B5', 'Boeing 787 Dreamliner', 336);
INSERT INTO avion VALUES('B6', 'Bombardier CRJ700', 280);
INSERT INTO avion VALUES('C1', 'Comac ARJ21', 105);
INSERT INTO avion VALUES('C2', 'Comac C919', 168);
INSERT INTO avion VALUES('E1', 'Embraer ERJ', 50);
INSERT INTO avion VALUES('E2', 'Embraer E-jet A220', 124);
INSERT INTO avion VALUES('I1', 'Irkut MC-21', 163);
INSERT INTO avion VALUES('I2', 'Mitsubishi SpaceJet', 84);
INSERT INTO avion VALUES('S1', 'Sukhoi Superjet', 98);
INSERT INTO avion VALUES('T1', 'Tupolev Tu-204', 210);
--SELECT * FROM avion;


INSERT INTO kupovina VALUES ('A1', 'Milje', '1');
INSERT INTO kupovina VALUES ('A2', 'Kartica', '3');
INSERT INTO kupovina VALUES ('A3', 'Kartica', '5');
INSERT INTO kupovina VALUES ('A4', 'Milje', '7');
INSERT INTO kupovina VALUES ('A5', 'Kartica', '9');
INSERT INTO kupovina VALUES ('A6', 'Gotovina', '11');
INSERT INTO kupovina VALUES ('A7', 'Gotovina', '13');
INSERT INTO kupovina VALUES ('A8', 'Kartica', '15');
INSERT INTO kupovina VALUES ('A9', 'Gotovina', '17');
INSERT INTO kupovina VALUES ('A10', 'Kartica', '19');
INSERT INTO kupovina VALUES ('A11', 'Kartica', '21');
INSERT INTO kupovina VALUES ('A12', 'Gotovina', '23');
INSERT INTO kupovina VALUES ('A13', 'Gotovina', '25');
INSERT INTO kupovina VALUES ('A14', 'Gotovina', '27');
INSERT INTO kupovina VALUES ('A15', 'Kartica', '29');
INSERT INTO kupovina VALUES ('A16', 'Kartica', '31');
INSERT INTO kupovina VALUES ('A17', 'Gotovina', '33');
INSERT INTO kupovina VALUES ('A18', 'Kartica', '35');
INSERT INTO kupovina VALUES ('A19', 'Kartica', '37');
INSERT INTO kupovina VALUES ('A20', 'Gotovina', '39');
INSERT INTO kupovina VALUES ('A21', 'Kartica', '2');
INSERT INTO kupovina VALUES ('A22', 'Kartica', '4');
INSERT INTO kupovina VALUES ('A23', 'Milje', '6');
INSERT INTO kupovina VALUES ('A24', 'Gotovina', '8');
INSERT INTO kupovina VALUES ('A25', 'Kartica', '10');
INSERT INTO kupovina VALUES ('A26', 'Milje', '12');
INSERT INTO kupovina VALUES ('A27', 'Gotovina', '14');
INSERT INTO kupovina VALUES ('A28', 'Kartica', '16');
INSERT INTO kupovina VALUES ('A29', 'Kartica', '18');
INSERT INTO kupovina VALUES ('A30', 'Gotovina', '20');

INSERT INTO kupovina VALUES ('S1', 'Kartica', 2);
INSERT INTO kupovina VALUES ('S2', 'Gotovina', 4);
INSERT INTO kupovina VALUES ('S3', 'Gotovina', 6);
INSERT INTO kupovina VALUES ('S4', 'Kartica', 8);
INSERT INTO kupovina VALUES ('S5', 'Kartica', 10);
INSERT INTO kupovina VALUES ('S6', 'Gotovina', 12);
INSERT INTO kupovina VALUES ('S7', 'Gotovina', 14);
INSERT INTO kupovina VALUES ('S8', 'Kartica', 16);
INSERT INTO kupovina VALUES ('S9', 'Kartica', 18);
INSERT INTO kupovina VALUES ('S10', 'Gotovina', 20);
INSERT INTO kupovina VALUES ('S11', 'Gotovina', 22);
INSERT INTO kupovina VALUES ('S12', 'Kartica', 24);
INSERT INTO kupovina VALUES ('S13', 'Gotovina', 26);
INSERT INTO kupovina VALUES ('S14', 'Kartica', 28);
INSERT INTO kupovina VALUES ('S15', 'Kartica', 30);
INSERT INTO kupovina VALUES ('S16', 'Kartica', 32);
INSERT INTO kupovina VALUES ('S17', 'Gotovina', 34);
INSERT INTO kupovina VALUES ('S18', 'Gotovina', 36);
INSERT INTO kupovina VALUES ('S19', 'Kartica', 38);
INSERT INTO kupovina VALUES ('S20', 'Kartica', 40);
INSERT INTO kupovina VALUES ('S21', 'Gotovina', 1);
INSERT INTO kupovina VALUES ('S22', 'Kartica', 3);
INSERT INTO kupovina VALUES ('S23', 'Gotovina', 5);
INSERT INTO kupovina VALUES ('S24', 'Gotovina', 7);
INSERT INTO kupovina VALUES ('S25', 'Kartica', 9);
INSERT INTO kupovina VALUES ('S26', 'Kartica', 11);
INSERT INTO kupovina VALUES ('S27', 'Gotovina', 13);
INSERT INTO kupovina VALUES ('S28', 'Kartica', 15);
INSERT INTO kupovina VALUES ('S29', 'Kartica', 17);
INSERT INTO kupovina VALUES ('S30', 'Kartica', 19);
--SELECT * FROM kupovina;

INSERT INTO kupovina_agencija VALUES ('A1', '8', 0.15, null);
INSERT INTO kupovina_agencija VALUES ('A2', '2', 0.10, 20.00);
INSERT INTO kupovina_agencija VALUES ('A3', '1', 0.08, 50.00);
INSERT INTO kupovina_agencija VALUES ('A4', '6', 0.09, null);
INSERT INTO kupovina_agencija VALUES ('A5', '7', 0.15, 120.00);
INSERT INTO kupovina_agencija VALUES ('A6', '8', 0.11, 60.00);
INSERT INTO kupovina_agencija VALUES ('A7', '11', 0.14, null);
INSERT INTO kupovina_agencija VALUES ('A8', '3', 0.10, null);
INSERT INTO kupovina_agencija VALUES ('A9', '9', 0.13, 70.00);
INSERT INTO kupovina_agencija VALUES ('A10', '5', 0.13, 50.00);
INSERT INTO kupovina_agencija VALUES ('A11', '2', 0.12, 65.00);
INSERT INTO kupovina_agencija VALUES ('A12', '10', 0.08, 80.00);
INSERT INTO kupovina_agencija VALUES ('A13', '1', 0.16, null);
INSERT INTO kupovina_agencija VALUES ('A14', '1', 0.11, 55.00);
INSERT INTO kupovina_agencija VALUES ('A15', '4', 0.13, null);
INSERT INTO kupovina_agencija VALUES ('A16', '6', 0.15, null);
INSERT INTO kupovina_agencija VALUES ('A17', '8', 0.18, 75.00);
INSERT INTO kupovina_agencija VALUES ('A18', '7', 0.13, 60.00);
INSERT INTO kupovina_agencija VALUES ('A19', '3', 0.12, null);
INSERT INTO kupovina_agencija VALUES ('A20', '11', 0.15, 35.00);
INSERT INTO kupovina_agencija VALUES ('A21', '10', 0.16, null);
INSERT INTO kupovina_agencija VALUES ('A22', '1', 0.12, null);
INSERT INTO kupovina_agencija VALUES ('A23', '3', 0.09, 40.00);
INSERT INTO kupovina_agencija VALUES ('A24', '4', 0.10, 25.00);
INSERT INTO kupovina_agencija VALUES ('A25', '7', 0.15, null);
INSERT INTO kupovina_agencija VALUES ('A26', '2', 0.11, 80.00);
INSERT INTO kupovina_agencija VALUES ('A27', '8', 0.13, null);
INSERT INTO kupovina_agencija VALUES ('A28', '5', 0.10, null);
INSERT INTO kupovina_agencija VALUES ('A29', '9', 0.15, 75.00);
INSERT INTO kupovina_agencija VALUES ('A30', '11', 0.16, null);
--SELECT * FROM kupovina_agencija;

INSERT INTO kupovina_samostalna VALUES ('S1');
INSERT INTO kupovina_samostalna VALUES ('S2');
INSERT INTO kupovina_samostalna VALUES ('S3');
INSERT INTO kupovina_samostalna VALUES ('S4');
INSERT INTO kupovina_samostalna VALUES ('S5');
INSERT INTO kupovina_samostalna VALUES ('S6');
INSERT INTO kupovina_samostalna VALUES ('S7');
INSERT INTO kupovina_samostalna VALUES ('S8');
INSERT INTO kupovina_samostalna VALUES ('S9');
INSERT INTO kupovina_samostalna VALUES ('S10');
INSERT INTO kupovina_samostalna VALUES ('S11');
INSERT INTO kupovina_samostalna VALUES ('S12');
INSERT INTO kupovina_samostalna VALUES ('S13');
INSERT INTO kupovina_samostalna VALUES ('S14');
INSERT INTO kupovina_samostalna VALUES ('S15');
INSERT INTO kupovina_samostalna VALUES ('S16');
INSERT INTO kupovina_samostalna VALUES ('S17');
INSERT INTO kupovina_samostalna VALUES ('S18');
INSERT INTO kupovina_samostalna VALUES ('S19');
INSERT INTO kupovina_samostalna VALUES ('S20');
INSERT INTO kupovina_samostalna VALUES ('S21');
INSERT INTO kupovina_samostalna VALUES ('S22');
INSERT INTO kupovina_samostalna VALUES ('S23');
INSERT INTO kupovina_samostalna VALUES ('S24');
INSERT INTO kupovina_samostalna VALUES ('S25');
INSERT INTO kupovina_samostalna VALUES ('S26');
INSERT INTO kupovina_samostalna VALUES ('S27');
INSERT INTO kupovina_samostalna VALUES ('S28');
INSERT INTO kupovina_samostalna VALUES ('S29');
INSERT INTO kupovina_samostalna VALUES ('S30');
--SELECT * FROM kupovina_samostalna;

INSERT INTO detalji_leta VALUES ( 1,'IBE31GB', 'MAD', 'LHR', TO_DATE('26-06-2020 ','DD/MM/YYYY'), '16:20', TO_DATE('26-06-2020','DD/MM/YYYY'), '17:45', 'Iberia', 'B2');
INSERT INTO detalji_leta VALUES ( 2,'DLH981', 'DUB', 'FRA', TO_DATE('22-02-2020 ','DD/MM/YYYY'), '15:55', TO_DATE('22-02-2020','DD/MM/YYYY'), '19:00', 'Lufthansa', 'B3');
INSERT INTO detalji_leta VALUES ( 3,'DLH3HT', 'TXL', 'FRA', TO_DATE('01-05-2020 ','DD/MM/YYYY'), '17:45', TO_DATE('01-05-2020','DD/MM/YYYY'), '18:55', 'Lufthansa', 'B3');
INSERT INTO detalji_leta VALUES ( 4,'AUA4EV', 'VIE', 'CDG', TO_DATE('15-01-2020 ','DD/MM/YYYY'), '17:20', TO_DATE('15-01-2020','DD/MM/YYYY'), '19:25', 'Austrian Airlines', 'B4');
INSERT INTO detalji_leta VALUES ( 5,'BAW164', 'TLV', 'LHR', TO_DATE('20-05-2020 ','DD/MM/YYYY'), '16:40', TO_DATE('20-05-2020','DD/MM/YYYY'), '19:55', 'British Airways', 'B6');
INSERT INTO detalji_leta VALUES ( 6,'RYR1SE', 'SOF', 'BGY', TO_DATE('28-04-2020 ','DD/MM/YYYY'), '18:00', TO_DATE('28-04-2020','DD/MM/YYYY'), '19:00', 'Ryanair', 'C2');
INSERT INTO detalji_leta VALUES ( 7,'WZZ6721', 'BLQ', 'KIV', TO_DATE('09-04-2020 ','DD/MM/YYYY'), '17:20', TO_DATE('09-04-2020','DD/MM/YYYY'), '20:35', 'Wizz Air', 'B1');
INSERT INTO detalji_leta VALUES ( 8,'THY1683', 'ASR', 'STR', TO_DATE('18-02-2020 ','DD/MM/YYYY'), '17:05', TO_DATE('18-02-2020','DD/MM/YYYY'), '19:30', 'Turkish Airlines', 'A1');
INSERT INTO detalji_leta VALUES ( 9,'MPH8341', 'AMS', 'JNB', TO_DATE('12-03-2020 ','DD/MM/YYYY'), '23:45', TO_DATE('13-03-2020','DD/MM/YYYY'), '10:30', 'KLM', 'A3');
INSERT INTO detalji_leta VALUES ( 10,'EWG3LR', 'HAM', 'BCN', TO_DATE('12-06-2020 ','DD/MM/YYYY'), '16:10', TO_DATE('12-06-2020','DD/MM/YYYY'), '18:45', 'Eurowings', 'B2');
INSERT INTO detalji_leta VALUES ( 11,'BAW33K', 'LHR', 'JFK', TO_DATE('03-03-2020 ','DD/MM/YYYY'), '15:20', TO_DATE('03-03-2020','DD/MM/YYYY'), '18:15', 'British Airways', 'B6');
INSERT INTO detalji_leta VALUES ( 12,'DAL83', 'CDG', 'ATL', TO_DATE('30-01-2020 ','DD/MM/YYYY'), '13:45', TO_DATE('30-01-2020','DD/MM/YYYY'), '17:15', 'Delta', 'B4');
INSERT INTO detalji_leta VALUES ( 13,'QTR19K', 'DOH', 'JFK', TO_DATE('12-02-2020 ','DD/MM/YYYY'), '08:15', TO_DATE('12-02-2020','DD/MM/YYYY'), '15:00', 'Qatar Airways', 'A1');
INSERT INTO detalji_leta VALUES ( 14,'GEC8201', 'DFW', 'FRA', TO_DATE('23-06-2020 ','DD/MM/YYYY'), '06:00', TO_DATE('23-06-2020','DD/MM/YYYY'), '22:40', 'Lufthansa', 'E1');
INSERT INTO detalji_leta VALUES ( 15,'KLM751', 'AMS', 'UIO', TO_DATE('30-04-2020 ','DD/MM/YYYY'), '09:50', TO_DATE('30-04-2020','DD/MM/YYYY'), '14:40', 'KLM', 'B2');
INSERT INTO detalji_leta VALUES ( 16,'AMX198', 'MEX', 'MXL', TO_DATE('12-04-2020 ','DD/MM/YYYY'), '09:30', TO_DATE('12-04-2020','DD/MM/YYYY'), '10:55', 'Aeromexico', 'A2');
INSERT INTO detalji_leta VALUES ( 17,'SWA6956', 'DAL', 'TPA', TO_DATE('02-05-2020 ','DD/MM/YYYY'), '10:55', TO_DATE('02-05-2020','DD/MM/YYYY'), '14:15', 'Southwest Airlines', 'S1');
INSERT INTO detalji_leta VALUES ( 18,'CAL006', 'TPE', 'LAX', TO_DATE('23-01-2020 ','DD/MM/YYYY'), '16:50', TO_DATE('23-01-2020','DD/MM/YYYY'), '13:50', 'China Airlines', 'B6');
INSERT INTO detalji_leta VALUES ( 19,'KAL207', 'ICN', 'LAX', TO_DATE('31-01-2020 ','DD/MM/YYYY'), '14:35', TO_DATE('31-01-2020','DD/MM/YYYY'), '11:10', 'Korean Air', 'B5');
INSERT INTO detalji_leta VALUES ( 20,'QTR859', 'ICN', 'DOH', TO_DATE('14-05-2020 ','DD/MM/YYYY' ), '01:25', TO_DATE('14-05-2020','DD/MM/YYYY'), '05:25', 'Qatar Airways', 'A1');
INSERT INTO detalji_leta VALUES ( 21,'PAL104', 'MNL', 'SFO', TO_DATE('16-02-2020 ','DD/MM/YYYY'), '21:55', TO_DATE('16-02-2020','DD/MM/YYYY'), '19:45', 'Philippine Airlines', 'A5');
INSERT INTO detalji_leta VALUES ( 22,'UAE431', 'BNE', 'DXB', TO_DATE('05-06-2020 ','DD/MM/YYYY'), '21:00', TO_DATE('05-06-2020','DD/MM/YYYY'), '05:10', 'Emirates', 'E2');
INSERT INTO detalji_leta VALUES ( 23,'SIA221', 'SIN', 'SYD', TO_DATE('02-05-2020 ','DD/MM/YYYY'), '20:15', TO_DATE('02-05-2020','DD/MM/YYYY'), '05:22', 'Singapore Airlines', 'S1');
INSERT INTO detalji_leta VALUES ( 24,'AFR257', 'SIN', 'CDG', TO_DATE('17-03-2020 ','DD/MM/YYYY'), '22:35', TO_DATE('17-03-2020','DD/MM/YYYY'), '06:05', 'Air France', 'I1');
INSERT INTO detalji_leta VALUES ( 25,'MSR510', 'HKG', 'BKK', TO_DATE('22-03-2020 ','DD/MM/YYYY'), '22:30', TO_DATE('22-03-2020','DD/MM/YYYY'), '23:59', 'Egyptair', 'A3');
INSERT INTO detalji_leta VALUES ( 26,'MAS2', 'KUL', 'LHR', TO_DATE('18-03-2020 ','DD/MM/YYYY'), '22:20', TO_DATE('18-03-2020','DD/MM/YYYY'), '04:45', 'Malasya Airlines', 'B4');
INSERT INTO detalji_leta VALUES ( 27,'CSN384', 'DXB', 'CAN', TO_DATE('15-05-2020 ','DD/MM/YYYY'), '00:25', TO_DATE('15-05-2020','DD/MM/YYYY'), '10:46', 'China Airlines', 'B3');
INSERT INTO detalji_leta VALUES ( 28,'CPA018', 'CMB', 'HKG', TO_DATE('16-04-2020 ','DD/MM/YYYY'), '02:30', TO_DATE('16-04-2020','DD/MM/YYYY'), '10:30', 'Cathany Pacific', 'A5');
INSERT INTO detalji_leta VALUES ( 29,'MSR930', 'CAI', 'MCT', TO_DATE('23-03-2020 ','DD/MM/YYYY'), '21:50', TO_DATE('24-03-2020','DD/MM/YYYY'), '03:40', 'Egyptair', 'C1');
INSERT INTO detalji_leta VALUES ( 30,'QTR818', 'DOH', 'HKG', TO_DATE('04-02-2020 ','DD/MM/YYYY'), '01:55', TO_DATE('04-02-2020','DD/MM/YYYY'), '15:05', 'Qatar Airways', 'A2');
INSERT INTO detalji_leta VALUES ( 31,'KLM503', 'AMS', 'RUN', TO_DATE('11-05-2020 ','DD/MM/YYYY'), '21:35', TO_DATE('12-05-2020','DD/MM/YYYY'), '11:00', 'KLM', 'A3');
INSERT INTO detalji_leta VALUES ( 32,'THY6191', 'MLE', 'IST', TO_DATE('29-03-2020 ','DD/MM/YYYY'), '21:15', TO_DATE('29-03-2020','DD/MM/YYYY'), '02:51', 'Turkish Airlines', 'A1');
INSERT INTO detalji_leta VALUES ( 33,'AF188', 'CDG', 'HKG', TO_DATE('23-06-2020 ','DD/MM/YYYY'), '23:35', TO_DATE('24-06-2020','DD/MM/YYYY'), '17:35', 'Air France', 'B2');
INSERT INTO detalji_leta VALUES ( 34,'WZZ1898', 'KEF', 'WRO', TO_DATE('02-06-2020 ','DD/MM/YYYY'), '20:00', TO_DATE('03-06-2020','DD/MM/YYYY'), '01:50', 'Wizz Air', 'B3');
INSERT INTO detalji_leta VALUES ( 35,'FDX9143', 'STN', 'MEM', TO_DATE('18-01-2020 ','DD/MM/YYYY'), '22:30', TO_DATE('19-01-2020','DD/MM/YYYY'), '01:54', 'FedEx', 'B2');
INSERT INTO detalji_leta VALUES ( 36,'WUK8130', 'TFS', 'LTN', TO_DATE('12-02-2020 ','DD/MM/YYYY'), '21:40', TO_DATE('13-02-2020','DD/MM/YYYY'), '01:55', 'Wizz Air', 'B3');
INSERT INTO detalji_leta VALUES ( 37,'W62224', 'GLA', 'BUD', TO_DATE('28-03-2020 ','DD/MM/YYYY'), '08:50', TO_DATE('28-03-2020','DD/MM/YYYY'), '12:45', 'Wizz Air', 'B2');
INSERT INTO detalji_leta VALUES ( 38,'LS898', 'BUD', 'MAN', TO_DATE('12-03-2020 ','DD/MM/YYYY'), '13:15', TO_DATE('12-03-2020','DD/MM/YYYY'), '16:15', 'Jet2', 'B5');
INSERT INTO detalji_leta VALUES ( 39,'OE1305', 'KRK', 'VIE', TO_DATE('20-05-2020 ','DD/MM/YYYY' ), '19:10', TO_DATE('20-05-2020','DD/MM/YYYY'), '20:00', 'Lauda', 'A3');
INSERT INTO detalji_leta VALUES ( 40,'LS730', 'GRO', 'EDI', TO_DATE('06-04-2020 ','DD/MM/YYYY'), '12:15', TO_DATE('06-04-2020','DD/MM/YYYY'), '13:45', 'Jet2', 'B3');
INSERT INTO detalji_leta VALUES ( 41,'EI664', 'DUB', 'VIE', TO_DATE('09-01-2020 ','DD/MM/YYYY'), '12:15', TO_DATE('09-01-2020','DD/MM/YYYY'), '16:25', 'Aer Lingus', 'A4');
INSERT INTO detalji_leta VALUES ( 42,'OU0627', 'SPU', 'OSI', TO_DATE('25-06-2020 ','DD/MM/YYYY'), '19:25', TO_DATE('25-06-2020','DD/MM/YYYY'), '20:10', 'Croatia Airlines', 'B4');
INSERT INTO detalji_leta VALUES ( 43,'UAE111', 'IST', 'SYD', TO_DATE('25-06-2020 ','DD/MM/YYYY'), '20:25', TO_DATE('26-06-2020','DD/MM/YYYY'), '20:10', 'Emirates', 'B4');
INSERT INTO detalji_leta VALUES ( 44,'THY6191', 'MLE', 'IST', TO_DATE('15-06-2020 ','DD/MM/YYYY'), '21:15', TO_DATE('16-06-2020','DD/MM/YYYY'), '02:51', 'Turkish Airlines', 'A1');
INSERT INTO detalji_leta VALUES ( 45,'AF188', 'CDG', 'HKG', TO_DATE('29-09-2020 ','DD/MM/YYYY'), '23:35', TO_DATE('30-09-2020','DD/MM/YYYY'), '17:35', 'Air France', 'B2');
INSERT INTO detalji_leta VALUES ( 46,'WZZ1898', 'KEF', 'WRO', TO_DATE('09-07-2020 ','DD/MM/YYYY'), '20:00', TO_DATE('10-07-2020','DD/MM/YYYY'), '01:50', 'Wizz Air', 'B3');
INSERT INTO detalji_leta VALUES ( 47,'FDX9143', 'STN', 'MEM', TO_DATE('30-08-2020 ','DD/MM/YYYY'), '22:30', TO_DATE('31-08-2020','DD/MM/YYYY'), '01:54', 'FedEx', 'B2');
INSERT INTO detalji_leta VALUES ( 48,'WUK8130', 'TFS', 'LTN', TO_DATE('11-08-2020 ','DD/MM/YYYY'), '21:40', TO_DATE('12-08-2020','DD/MM/YYYY'), '01:55', 'Wizz Air', 'B3');
SELECT * FROM detalji_leta
ORDER BY let_id;


INSERT INTO karta VALUES ('1111111111', 550.00, 'Economy', '07D', 150.00, 20, 1, null, null, null, 190.00, '1', 'A1', 1 );
INSERT INTO karta VALUES ('1111111112', 2300.00, 'First', '20A', 0, 40, 2, 0, null, null, 0, '2', 'A2', 2 );
INSERT INTO karta VALUES ('1111111121', 890.00, 'Economy', '09C', 480.00, 40, 2, 160.00, null, null, null, '3', 'A3', 3 );
INSERT INTO karta VALUES ('1111111211', 1600.00, 'Premium Economy', '10F', 0, 10, 1, null, 350.00, '6 mjeseci', null, '4', 'A4', 4 );
INSERT INTO karta VALUES ('1111112111', 2500.00, 'First', '01E', 150.00, 60, 3, 300.00, 450.00, '12 mjeseci', 0, '3', 'A5', 5 );
INSERT INTO karta VALUES ('1111121111', 740.00, 'Economy', '23A', null, null, null, null, null, null, null, '2', 'A6', 6 );
INSERT INTO karta VALUES ('1111211111', 740.00, 'Economy', '21C', 100.00, 10, 1, null, null, null, null, '4', 'A7', 7 );
INSERT INTO karta VALUES ('1112111111', 1700.00, 'Business', '10B', 0, 20, 1, 0, 500.00, '12 mjeseci', 0, '5', 'A8', 8 );
INSERT INTO karta VALUES ('1121111111', 1950.00, 'Business', '15A', 0, 20, 1, 0, null, null, 0, '6', 'A9', 9 );
INSERT INTO karta VALUES ('1211111111', 2600.00, 'First', '05E', 0, 40, 2, 0, 700.00, '24 mjeseca', 0,  '7', 'A10', 10 );
INSERT INTO karta VALUES ('2111111111', 680.00, 'Economy', '01F', 90.00, 10, 1, 170.00, 500.00, '12 mjeseci', 190.00, '7', 'A11', 11 );
INSERT INTO karta VALUES ('1111111113', 1600.00, 'Premium Economy', '22F', 0, 10, 1, null, null, null, null, '7', 'A12', 12 );
INSERT INTO karta VALUES ('1111111131', 590.00, 'Economy', '31D', 500.00, 60, 3, 170.00, null, null, 150.00, '8', 'A13', 13 );
INSERT INTO karta VALUES ('1111111311', 2600.00, 'First', '28C', 0, 40, 2, 0, null, null, 0, '9', 'A14', 13 );
INSERT INTO karta VALUES ('1111113111', 990.00, 'Economy', '17E', 110.00, 10, 1, 90.00, null, null, null, '7', 'A15', 14 );
INSERT INTO karta VALUES ('1111131111', 1300.00, 'Economy', '11B', 250, 20, 2, null, 500.00, '12 mjeseci', null, '10', 'A16', 15 );
INSERT INTO karta VALUES ('1111311111', 2800.00, 'Business', '12A', 150.00, 40, 2, 0, null, null, 0, '11', 'A17', 11 );
INSERT INTO karta VALUES ('1113111111', 2000.00, 'Business', '13B', 150.00, 20, 1, 100.00, 1300.00, '24 mjeseca', 0, '12', 'A18', 10 );
INSERT INTO karta VALUES ('1131111111', 1250.00, 'Economy', '03E', 150.00, 20, 1, null, null, null, 0, '11', 'A19', 15 );
INSERT INTO karta VALUES ('1311111111', 2600.00, 'First', '24C', 0, 40, 2, 0, null, null, 0, '11', 'A20', 16 );
INSERT INTO karta VALUES ('3111111111', 1900.00, 'First', '12D', 0, 40, 2, 0, null, null, 0, '13', 'S1', 2 );
INSERT INTO karta VALUES ('1111111114', 350.00, 'Economy', '18A', null, null, null, null, null, null, null, '14', 'S2', 2 );
INSERT INTO karta VALUES ('1111111141', 2100.00, 'Business', '19C', 0, 20, 1, 0, null, null, 0, '14', 'S3', 17 );
INSERT INTO karta VALUES ('1111111411', 2900.00, 'First', '08A', 210.00, 60, 3, 0, 350.00, '6 mjeseci', 0, '15', 'S4', 18 );
INSERT INTO karta VALUES ('1111114111', 3500.00, 'First', '30D', 0, 40, 2, 120.00, null, null, 0, '16', 'S5', 19 );
INSERT INTO karta VALUES ('1111141111', 2400.00, 'Business', '21F', 150.00, 40, 2, 100.00, null, null, 0, '15', 'S6', 20 );
INSERT INTO karta VALUES ('1111411111', 1600.00, 'Economy', '28E', 150.00, 20, 1, null, null, null, null, '17', 'S7', 21 );
INSERT INTO karta VALUES ('1114111111', 2400.00, 'Premium Economy', '14C', 0, 10, 1, null, null, null, null, '18', 'S8', 22);
INSERT INTO karta VALUES ('1141111111', 2400.00, 'Economy', '13A', 110.00, 10, 1, 180.00, 680.00, '12 mjeseci', 190.00, '18', 'S9', 23 );
INSERT INTO karta VALUES ('1411111111', 1550.00, 'Economy', '09D', 150.00, 20, 1, 160.00, null, null, 190.00, '18', 'S10', 24 );
INSERT INTO karta VALUES ('4111111111', 2100.00, 'Premium Economy', '03B', 190.00, 30, 2, null, 390.00, '4 mjeseca' , null, '19', 'S11', 25 );
INSERT INTO karta VALUES ('1111111115', 1250.00, 'Economy', '19B', null, null, null, 80.00, null, null, null, '18', 'S12', 26 );
INSERT INTO karta VALUES ('1111111151', 1750.00, 'Premium Economy', '22A', 170.00, 20, 2, 95.00, null, null, 190.00, '20', 'S13', 27);
INSERT INTO karta VALUES ('1111111511', 1200.00, 'Economy', '31E', null, null, null, 20.00, null, null, null, '21', 'S14', 28 );
INSERT INTO karta VALUES ('1111115111', 3150.00, 'First', '14F', 0, 40, 2, 430.00, 850.00, '24 mjeseca' , 0, '22', 'S15', 29 );
INSERT INTO karta VALUES ('1111151111', 3000.00, 'Business', '22B', 0, 20, 1, 0, 600.00, '12 mjeseci', 0, '21', 'S16', 30);
INSERT INTO karta VALUES ('1111511111', 1320.00, 'Economy', '10E', 150.00, 20, 1, null, null, null, 190.00, '23', 'S17', 25 );
INSERT INTO karta VALUES ('1115111111', 860.00, 'Economy', '13D', null, null, null, null, null, null, null, '23', 'S18', 26 );
INSERT INTO karta VALUES ('1151111111', 2600.00, 'Business', '20C', 150.00, 40, 2, 120.00, 110.00, '1 mjesec', 0, '21', 'S19', 27 );
INSERT INTO karta VALUES ('1511111111', 2950.00, 'Business', '01A', 0, 20, 1, 0, null, null, 0, '24', 'S20', 20 );
INSERT INTO karta VALUES ('5111111111', 4560.00, 'First', '15C', 0, 40, 2, 0, null, null, 0, '25', 'A21', 31 );
INSERT INTO karta VALUES ('1111111116', 3450.00, 'Business', '09D', 0, 20, 1, 0, null, null, 0, '26', 'A22', 32 );
INSERT INTO karta VALUES ('1111111161', 490.00, 'Economy', '22E', null, null, null, null, null, null, null, '26', 'A23', 33 );
INSERT INTO karta VALUES ('1111111611', 3200.00, 'First', '24C', 190.00, 60, 3, 190.00, null, null, 0, '27', 'A24', 34 );
INSERT INTO karta VALUES ('1111116111', 890.00, 'Economy', '05A', 150.00, 10, 1, 100.00, null, null, 190.00, '27', 'A25', 35 );
INSERT INTO karta VALUES ('1111161111', 1890.00, 'Premium Economy', '05D', 0, 10, 1, null, null, null, null, '27', 'A26', 36);
INSERT INTO karta VALUES ('1111611111', 2400.00, 'Business', '25B', 0, 20, 1, 80.00, 380.00, '6 mjeseci', 0, '27', 'A27', 37 );
INSERT INTO karta VALUES ('1116111111', 2980.00, 'Business', '29F', 590.00, 80, 4, 130.00, 600.00, '12 mjeseci', 0, '28', 'A28', 38 );
INSERT INTO karta VALUES ('1161111111', 980.00, 'Economy', '30E', 320.00, 20, 2, null, null, null, null, '29', 'A29', 39 );
INSERT INTO karta VALUES ('1611111111', 960.00, 'Economy', '16C', null, null, null, 110.00, null, null, null, '29', 'A30', 40 );
INSERT INTO karta VALUES ('6111111111', 2800.00, 'Business', '12A', 0, 20, 1, 0, null, null, 0, '30', 'S21', 41 );
INSERT INTO karta VALUES ('1111111117', 1500.00, 'Economy', '15B', null, null, null, null, null, null, null, '30', 'S22', 42 );
INSERT INTO karta VALUES ('1111111171', 1320.00, 'Economy', '19E', 160.00, 10, 1, 80.00, null, null, null, '31', 'S23', 43 );
INSERT INTO karta VALUES ('1111111711', 4860.00, 'First', '16C', 0, 40, 2, 140.00, null, null, 0, '32', 'S24', 44 );
INSERT INTO karta VALUES ('1111117111', 2310.00, 'Business', '01E', 290.00, 60, 3, 0, 590.00, '12 mjeseci', 0, '32', 'S25', 45 );
INSERT INTO karta VALUES ('1111171111', 1800.00, 'Premium Economy', '09D', 0, 10, 1, null, 150.00, '3 mjeseca', 190.00, '33', 'S26', 46 );
INSERT INTO karta VALUES ('1111711111', 2600.00, 'First', '06F', 0, 40, 2, 0, null, null, 0, '34', 'S27', 47 );
INSERT INTO karta VALUES ('1117111111', 2220.00, 'Business', '22F', 150.00, 30, 2, 0, null, null, 0, '34', 'S28', 48 );
INSERT INTO karta VALUES ('1171111111', 540.00, 'Economy', '28B', 320.00, 20, 2, null, null, null, null, '35', 'S29', 42 );
INSERT INTO karta VALUES ('1711111111', 1400.00, 'Premium Economy', '30A', 230.00, 20, 2, 30.00, 380.00, '6 mjeseci', null, '35', 'S30', 30 );
SELECT * FROM karta;


INSERT INTO milje VALUES ('100001', 230, '1', 'A1');
INSERT INTO milje VALUES ('100002', 590, '5', 'A3');
INSERT INTO milje VALUES ('100003', 160, '6', 'S3');
INSERT INTO milje VALUES ('100004', 555, '7', 'A4');
INSERT INTO milje VALUES ('100005', 375, '12', 'S6');
INSERT INTO milje VALUES ('100006', 800, '13', 'A7');
INSERT INTO milje VALUES ('100007', 1000, '16', 'S8');
INSERT INTO milje VALUES ('100008', 450, '17', 'A9');
INSERT INTO milje VALUES ('100009', 1555, '18', 'S9');
INSERT INTO milje VALUES ('100010', 235, '19', 'A10');
INSERT INTO milje VALUES ('100011', 890, '21', 'A11');
INSERT INTO milje VALUES ('100012', 1110, '22', 'S11');
INSERT INTO milje VALUES ('100013', 290, '23', 'A12');
INSERT INTO milje VALUES ('100014', 360, '25', 'A13');
INSERT INTO milje VALUES ('100015', 226, '27', 'A14');
INSERT INTO milje VALUES ('100016', 1405, '28', 'S14');
INSERT INTO milje VALUES ('100017', 985, '33', 'A17');
INSERT INTO milje VALUES ('100001', 215, '1', 'S21');
INSERT INTO milje VALUES ('100002', 195, '5', 'S23');
INSERT INTO milje VALUES ('100003', 613, '6', 'A23');
INSERT INTO milje VALUES ('100004', 284, '7', 'S24');
INSERT INTO milje VALUES ('100005', 185, '12', 'A26');
INSERT INTO milje VALUES ('100006', 210, '13', 'S27');
INSERT INTO milje VALUES ('100007', 555, '16', 'A28');
INSERT INTO milje VALUES ('100008', 655, '17', 'S29');
INSERT INTO milje VALUES ('100009', 780, '18', 'A29');
INSERT INTO milje VALUES ('100010', 190, '19', 'S30');
--SELECT * FROM milje;


ALTER TABLE karta
ADD CONSTRAINT karta_check
CHECK (klasa IN('Economy', 'First', 'Business', 'Premium Economy'));

ALTER TABLE kupovina
ADD CONSTRAINT kupovina_check
CHECK (nacin_placanja IN('Gotovina', 'Kartica', 'Milje'));

COMMIT;